,City,Latitude,Longitude,Max Temperature (Â°C),Humidity (%),Cloudiness (%),Wind Speed (MPH),Country,Date
0,buala,-8.145,159.5921,27.57,77,100,3.26,SB,1612411989
1,ushuaia,-54.8,-68.3,9.0,87,75,1.54,AR,1612411884
2,faanui,-16.4833,-151.75,25.69,78,99,4.49,PF,1612411991
3,mataura,-46.1927,168.8643,17.96,38,0,3.79,NZ,1612411992
4,barrow,71.2906,-156.7887,-34.0,85,1,5.66,US,1612411968
5,kavieng,-2.5744,150.7967,29.13,67,29,3.0,PG,1612411994
6,beyneu,45.3167,55.2,3.5,81,96,2.25,KZ,1612411995
7,chokurdakh,70.6333,147.9167,-19.53,90,92,6.92,RU,1612411997
8,tessalit,20.1986,1.0114,18.07,24,0,7.09,ML,1612411998
9,cheremukhovo,60.3484,59.9851,-12.68,93,100,0.92,RU,1612411999
10,garowe,8.4054,48.4845,15.71,62,0,2.86,SO,1612412000
11,torbay,47.6666,-52.7314,9.0,100,90,7.2,CA,1612412001
12,haines junction,60.7522,-137.5108,-30.0,76,98,0.51,CA,1612412002
13,upernavik,72.7868,-56.1549,-26.3,70,0,1.88,GL,1612412003
14,plettenberg bay,-34.0527,23.3716,18.13,88,36,1.28,ZA,1612412004
15,rikitea,-23.1203,-134.9692,25.59,71,0,5.66,PF,1612412006
16,severo-kurilsk,50.6789,156.125,-11.53,92,100,13.87,RU,1612412007
17,cap malheureux,-19.9842,57.6142,28.33,74,0,1.34,MU,1612412008
18,yuma,32.7253,-114.6244,22.22,35,75,6.17,US,1612412009
19,itapuranga,-15.5622,-49.9486,20.88,90,100,0.51,BR,1612412010
20,hambantota,6.1241,81.1185,26.0,83,90,5.66,LK,1612412012
21,tasiilaq,65.6145,-37.6368,-8.06,94,69,5.18,GL,1612412013
22,samana,19.2056,-69.3369,22.43,88,71,3.54,DO,1612412014
23,nador,35.174,-2.9287,14.0,82,0,2.06,MA,1612412016
24,qaanaaq,77.484,-69.3632,-30.34,63,0,1.99,GL,1612412017
25,tupelo,34.2576,-88.7034,3.0,70,1,2.0,US,1612411887
26,albany,42.6001,-73.9662,-1.67,60,62,5.36,US,1612411810
27,seybaplaya,19.65,-90.6667,19.0,68,1,5.14,MX,1612412020
28,bengkulu,-3.8004,102.2655,29.68,63,81,2.97,ID,1612411926
29,teshie,5.5836,-0.1072,28.0,89,75,4.63,GH,1612412023
30,laguna,38.421,-121.4238,10.56,81,1,1.54,US,1612412024
31,jutai,-5.1833,-68.9,23.42,96,100,1.14,BR,1612412026
32,faya,18.3851,42.4509,13.0,32,0,1.11,SA,1612412027
33,monrovia,6.3005,-10.7969,24.0,100,20,2.92,LR,1612412028
34,kankon,15.0167,74.0167,25.0,53,0,3.09,IN,1612412029
35,luderitz,-26.6481,15.1594,18.03,73,0,6.26,NA,1612412030
36,castro,-24.7911,-50.0119,20.17,91,100,1.1,BR,1612412031
37,geraldton,-28.7667,114.6,28.0,39,40,11.83,AU,1612412032
38,atuona,-9.8,-139.0333,25.67,71,5,4.11,PF,1612412033
39,hilo,19.7297,-155.09,25.0,61,20,1.54,US,1612412035
40,bela,25.9333,81.9833,19.34,43,0,1.52,IN,1612412037
41,cape town,-33.9258,18.4232,20.0,82,20,5.66,ZA,1612411989
42,kahului,20.8947,-156.47,21.0,64,40,5.14,US,1612412039
43,alofi,-19.0595,-169.9187,27.0,89,90,2.57,NU,1612412040
44,riviere-au-renard,48.9957,-64.3971,-2.0,86,90,3.09,CA,1612412042
45,kruisfontein,-34.0033,24.7314,19.44,90,42,2.1,ZA,1612412043
46,pisco,-13.7,-76.2167,21.67,88,0,1.03,PE,1612412044
47,constantine,36.365,6.6147,10.66,44,61,2.44,DZ,1612412045
48,taltal,-25.4,-70.4833,18.21,75,57,1.37,CL,1612412048
49,georgetown,5.4112,100.3354,30.0,45,20,4.63,MY,1612412049
50,yar-sale,66.8333,70.8333,-21.63,91,97,4.61,RU,1612412050
51,gondanglegi,-7.7479,112.0132,29.43,72,100,6.6,ID,1612412051
52,cockburn town,21.4612,-71.1419,22.86,55,54,2.48,TC,1612412053
53,yellowknife,62.456,-114.3525,-27.78,69,90,4.12,CA,1612412054
54,khatanga,71.9667,102.5,-30.39,85,13,5.4,RU,1612412055
55,lebu,-37.6167,-73.65,14.23,91,3,6.44,CL,1612412057
56,arraial do cabo,-22.9661,-42.0278,24.53,88,0,10.12,BR,1612412058
57,provideniya,64.3833,-173.3,-22.57,81,76,6.9,RU,1612412059
58,port alfred,-33.5906,26.891,20.56,91,46,0.89,ZA,1612412061
59,collie,-33.3667,116.15,21.11,36,0,1.79,AU,1612412062
60,mangan,27.5167,88.5333,19.03,25,0,2.13,IN,1612412063
61,mandera,3.9366,41.867,20.71,62,11,2.91,KE,1612412064
62,bubaque,11.2833,-15.8333,25.37,65,41,5.97,GW,1612412066
63,augusto correa,-1.0217,-46.635,25.19,88,23,2.0,BR,1612412068
64,dikson,73.5069,80.5464,-25.69,91,90,5.05,RU,1612412069
65,sinnamary,5.3833,-52.95,25.33,85,100,6.82,GF,1612412070
66,punta arenas,-53.15,-70.9167,14.0,82,0,4.63,CL,1612412066
67,gazanjyk,39.2446,55.5154,8.16,55,100,0.38,TM,1612412073
68,ribeira grande,38.5167,-28.7,12.84,63,98,13.82,PT,1612412075
69,bredasdorp,-34.5322,20.0403,18.0,77,69,1.03,ZA,1612412076
70,henties bay,-22.116,14.2845,17.78,90,100,2.52,NA,1612412077
71,waipawa,-41.4122,175.5153,17.78,63,1,10.8,NZ,1612412078
72,port lincoln,-34.7333,135.8667,13.88,84,100,8.38,AU,1612412079
73,hobart,-42.8794,147.3294,25.56,53,40,3.6,AU,1612411999
74,awjilah,29.1081,21.2869,11.66,90,0,4.21,LY,1612412081
75,athabasca,54.7169,-113.2854,-24.0,77,75,2.06,CA,1612412082
76,dunedin,-45.8742,170.5036,12.22,68,0,7.6,NZ,1612412083
77,hermanus,-34.4187,19.2345,16.67,93,64,3.0,ZA,1612412085
78,ranikhet,29.65,79.4167,10.83,44,81,1.18,IN,1612412086
79,north branch,45.5113,-92.9802,-0.56,89,100,4.02,US,1612412088
80,avarua,-21.2078,-159.775,29.0,74,20,3.09,CK,1612412089
81,bambous virieux,-20.3428,57.7575,28.33,83,40,1.54,MU,1612412090
82,matamoros,25.5333,-103.25,22.0,26,75,1.54,MX,1612412091
83,cotonou,6.3654,2.4183,29.0,84,40,3.6,BJ,1612411956
84,jamestown,42.097,-79.2353,-5.0,93,1,4.12,US,1612411939
85,saldanha,-33.0117,17.9442,17.0,88,10,4.12,ZA,1612412095
86,hundorp,61.5552,9.9407,-18.77,84,43,1.17,NO,1612412096
87,coihaique,-45.5752,-72.0662,19.0,68,0,3.09,CL,1612412098
88,vendas novas,38.6771,-8.4579,13.0,94,20,1.03,PT,1612412099
89,kapaa,22.0752,-159.319,21.0,60,1,4.63,US,1612412100
90,dallas,32.7668,-96.7836,16.67,63,1,5.66,US,1612411874
91,knysna,-34.0363,23.0471,15.0,94,20,1.03,ZA,1612412105
92,kodiak,57.79,-152.4072,-1.0,80,1,3.09,US,1612412106
93,bluff,-46.6,168.3333,13.94,61,0,10.75,NZ,1612412108
94,hervey bay,-25.2986,152.8535,30.0,58,10,2.68,AU,1612412109
95,banswada,18.3833,77.8833,24.23,30,100,3.3,IN,1612412110
96,nerang,-27.9833,153.3333,30.56,67,0,2.68,AU,1612411882
97,acapulco,16.8634,-99.8901,27.0,78,20,1.54,MX,1612411969
98,saint anthony,45.0205,-93.218,0.0,80,75,4.12,US,1612412113
99,necochea,-38.5473,-58.7368,12.78,89,0,2.05,AR,1612411888
100,fortuna,40.5982,-124.1573,7.22,93,1,3.09,US,1612412115
101,egvekinot,66.3167,-179.1667,-33.91,83,13,8.1,RU,1612412118
102,inverell,-29.7833,151.1167,28.33,30,37,3.13,AU,1612412119
103,san matias,-16.3667,-58.4,24.19,90,99,0.83,BO,1612412120
104,guerrero negro,27.9769,-114.0611,16.65,77,84,7.29,MX,1612412121
105,pevek,69.7008,170.3133,-22.43,76,0,5.12,RU,1612412122
106,cabo san lucas,22.8909,-109.9124,20.0,77,20,1.73,MX,1612411939
107,batagay-alyta,67.8006,130.4114,-36.49,71,20,0.82,RU,1612412125
108,jiancheng,30.391,104.5491,10.0,77,77,0.89,CN,1612412126
109,lasa,46.6166,10.7002,2.78,86,40,2.06,IT,1612412127
110,jumla,29.2747,82.1838,8.25,37,0,1.55,NP,1612412128
111,mahebourg,-20.4081,57.7,27.0,83,40,1.54,MU,1612412130
112,punta alta,-38.8759,-62.0736,17.14,74,0,4.76,AR,1612412132
113,lagoa,39.05,-27.9833,12.09,65,98,14.63,PT,1612412133
114,thompson,55.7435,-97.8558,-20.0,77,90,5.66,CA,1612412134
115,zabol,32.25,67.25,3.58,60,0,0.42,AF,1612412136
116,ancud,-41.8697,-73.8203,15.0,82,0,4.12,CL,1612412137
117,novoseleznevo,55.6821,69.2056,-16.1,93,46,2.13,RU,1612412138
118,qaqortoq,60.7167,-46.0333,-11.0,48,1,2.57,GL,1612412140
119,roswell,34.0232,-84.3616,2.22,51,1,3.13,US,1612412141
120,khasan,42.4308,130.6434,-9.17,76,0,9.87,RU,1612412142
121,whithorn,18.2604,-78.0378,23.33,78,40,2.57,JM,1612412143
122,olot,42.181,2.4901,10.0,10,31,0.89,ES,1612412144
123,kalaleh,37.3807,55.4916,4.0,93,0,3.09,IR,1612412145
124,rumuruti,0.267,36.5389,12.37,85,63,1.86,KE,1612412146
125,beruwala,6.4788,79.9828,26.88,75,52,1.97,LK,1612412148
126,nikolskoye,59.7035,30.7861,-10.56,85,75,8.0,RU,1612412149
127,smithers,54.7804,-127.1743,-5.0,86,90,2.57,CA,1612412082
128,new norfolk,-42.7826,147.0587,27.22,37,58,1.34,AU,1612412151
129,macusani,-14.0833,-70.4333,3.17,90,100,2.05,PE,1612412152
130,shingu,33.7333,135.9833,11.0,50,40,3.09,JP,1612412153
131,sao felix do xingu,-6.6447,-51.995,22.59,92,41,0.5,BR,1612412155
132,hithadhoo,-0.6,73.0833,28.32,72,59,3.15,MV,1612412156
133,taoudenni,22.6783,-3.9836,18.7,25,0,2.95,ML,1612412158
134,upata,8.0086,-62.3989,23.89,94,44,0.89,VE,1612412159
135,camocim,-2.9022,-40.8411,24.77,86,35,4.7,BR,1612412160
136,victoria,22.2855,114.1577,24.0,35,0,4.63,HK,1612412161
137,bandar,2.05,99.75,27.2,83,99,1.09,ID,1612412162
138,iqaluit,63.7506,-68.5145,-20.0,77,90,1.03,CA,1612412163
139,busselton,-33.65,115.3333,22.78,42,0,1.34,AU,1612412138
140,muros,42.7762,-9.0603,11.67,86,1,4.5,ES,1612412166
141,brae,60.3964,-1.353,0.0,64,20,3.09,GB,1612412167
142,gerash,27.6652,54.1371,4.0,38,0,0.74,IR,1612412168
143,east london,-33.0153,27.9116,21.0,88,20,3.6,ZA,1612412169
144,kaitangata,-46.2817,169.8464,13.33,63,0,4.92,NZ,1612412170
145,brazzaville,-4.2658,15.2832,25.0,88,98,1.03,CG,1612412171
146,ilulissat,69.2167,-51.1,-20.0,34,6,4.12,GL,1612412173
147,port augusta,-32.5,137.7667,22.0,56,90,3.6,AU,1612412174
148,gigmoto,13.7796,124.39,26.35,82,48,7.39,PH,1612412175
149,bonthe,7.5264,-12.505,24.95,86,0,2.01,SL,1612412176
150,longyearbyen,78.2186,15.6401,-5.0,68,75,6.17,SJ,1612412177
151,presidente epitacio,-21.7633,-52.1156,25.08,84,100,0.59,BR,1612412178
152,debre sina,9.85,39.7667,6.89,57,0,0.47,ET,1612412179
153,arlit,18.7369,7.3853,13.98,35,4,1.12,NE,1612412180
154,kanye,-24.9667,25.3327,16.16,98,68,3.52,BW,1612412182
155,buraydah,26.326,43.975,12.0,62,0,2.57,SA,1612412183
156,carnarvon,-24.8667,113.6333,29.0,100,90,13.38,AU,1612412184
157,svetlogorsk,52.6333,29.7333,0.85,98,100,3.57,BY,1612412185
158,birao,10.2849,22.7882,20.91,24,0,0.76,CF,1612412186
159,wabana,47.6332,-52.9481,9.0,100,90,8.75,CA,1612412108
160,yomou,7.5603,-9.2653,21.59,96,92,2.53,GN,1612412188
161,puerto ayora,-0.7393,-90.3518,25.0,93,25,0.45,EC,1612412191
162,norman wells,65.282,-126.8329,-39.0,67,20,2.06,CA,1612412192
163,saint george,37.1041,-113.5841,13.0,26,1,6.17,US,1612412194
164,palembang,-2.9167,104.7458,29.0,70,75,5.66,ID,1612412195
165,weston,26.1004,-80.3998,11.67,54,1,2.53,US,1612411930
166,sao filipe,14.8961,-24.4956,22.29,78,99,3.61,CV,1612412197
167,fernandina beach,30.6697,-81.4626,5.0,100,1,2.08,US,1612412198
168,vaini,-21.2,-175.2,28.0,83,75,2.57,TO,1612412200
169,hofn,64.2539,-15.2082,-0.06,91,46,6.42,IS,1612412201
170,ramon,16.7842,121.535,25.36,72,24,1.78,PH,1612412202
171,bilibino,68.0546,166.4372,-23.26,73,47,4.37,RU,1612412203
172,zhangye,38.9342,100.4517,-0.07,65,92,1.36,CN,1612412204
173,nanortalik,60.1432,-45.2371,-10.06,80,68,5.8,GL,1612412205
174,sur,22.5667,59.5289,21.89,58,0,2.51,OM,1612412206
175,victoria point,-27.5833,153.3,29.44,62,5,2.68,AU,1612412208
176,salalah,17.0151,54.0924,19.0,39,0,1.03,OM,1612412209
177,novikovo,51.1537,37.8879,1.3,96,100,3.93,RU,1612412210
178,tuktoyaktuk,69.4541,-133.0374,-41.0,66,1,3.6,CA,1612412211
179,shubarkuduk,49.1447,56.4872,0.34,96,100,1.95,KZ,1612412212
180,thinadhoo,0.5333,72.9333,28.06,75,100,4.09,MV,1612412213
181,xichang,27.8964,102.2634,14.13,41,59,1.86,CN,1612412215
182,northam,51.0333,-4.2167,5.0,93,2,1.34,GB,1612412217
183,houma,29.5958,-90.7195,7.22,93,1,2.31,US,1612412098
184,sola,-13.8833,167.55,27.73,79,100,4.53,VU,1612412220
185,denizli,37.8402,29.0698,0.0,93,40,0.26,TR,1612412069
186,maues,-3.3836,-57.7186,24.36,92,93,0.61,BR,1612412013
187,port elizabeth,-33.918,25.5701,19.0,94,0,3.09,ZA,1612411931
188,codrington,-38.2667,141.9667,28.66,28,100,6.31,AU,1612412224
189,ketchikan,55.3422,-131.6461,4.0,100,90,4.63,US,1612412225
190,kurumkan,54.3,110.3,-18.34,88,100,0.54,RU,1612412226
191,koungou,-12.7336,45.2042,27.0,89,0,1.54,YT,1612412227
192,benguela,-12.5763,13.4055,22.95,79,10,0.47,AO,1612412229
193,venice,27.0998,-82.4543,8.33,87,1,1.54,US,1612412103
194,naze,28.3667,129.4833,19.0,48,20,3.6,JP,1612412231
195,butaritari,3.0707,172.7902,27.51,83,67,7.14,KI,1612412232
196,sulangan,11.1373,123.7228,27.22,78,99,5.34,PH,1612412233
197,mundo nuevo,18.7,-95.5,19.32,80,3,3.86,MX,1612412234
198,sobolevo,54.4299,31.8996,-4.51,98,100,1.89,RU,1612412235
199,timra,62.487,17.3257,-11.11,78,90,5.14,SE,1612412236
200,awbari,26.5921,12.7805,7.66,62,0,1.23,LY,1612412237
201,wanning,18.8003,110.3967,22.8,76,10,5.23,CN,1612412239
202,mozarlandia,-14.7447,-50.5706,24.36,84,99,0.75,BR,1612412240
203,wilmington,34.2257,-77.9447,4.44,48,1,3.6,US,1612411955
204,avera,33.194,-82.5271,1.11,86,1,1.54,US,1612412242
205,asau,46.4333,26.4,4.44,65,91,2.77,RO,1612412243
206,leningradskiy,69.3833,178.4167,-32.51,85,11,3.06,RU,1612412244
207,beringovskiy,63.05,179.3167,-17.89,92,100,7.9,RU,1612412245
208,grindavik,63.8424,-22.4338,2.0,69,0,11.83,IS,1612412246
209,fare,-16.7,-151.0167,26.66,68,69,1.95,PF,1612412247
210,mar del plata,-38.0023,-57.5575,18.33,82,20,3.09,AR,1612412106
211,saskylakh,71.9167,114.0833,-39.17,77,0,2.65,RU,1612412250
212,diego de almagro,-26.3667,-70.05,15.97,40,1,1.03,CL,1612412251
213,sakti,22.0333,82.9667,22.52,22,11,0.66,IN,1612412253
214,katsuura,35.1333,140.3,11.67,35,20,11.83,JP,1612412254
215,okhotsk,59.3833,143.3,-20.93,85,100,10.12,RU,1612412255
216,albion,42.2431,-84.753,-7.78,79,1,2.33,US,1612412256
217,saint-paul,-21.0096,55.2707,29.0,61,0,7.72,RE,1612412258
218,minab,27.1467,57.0801,12.0,76,0,2.06,IR,1612412259
219,napoleon,41.3923,-84.1252,-8.33,85,1,2.06,US,1612412260
220,vila franca do campo,37.7167,-25.4333,11.0,71,40,5.66,PT,1612412261
221,sobinka,55.9855,40.0111,-2.32,98,100,3.14,RU,1612412262
222,poum,-20.2333,164.0167,26.82,81,16,7.96,NC,1612412263
223,buncrana,55.1333,-7.45,5.9,91,100,6.79,IE,1612412264
224,college,64.8569,-147.8028,-20.0,77,90,2.06,US,1612412265
225,catamarca,-28.4696,-65.7852,20.0,88,0,1.03,AR,1612412266
226,ostrovnoy,68.0531,39.5131,-11.81,94,100,5.44,RU,1612412267
227,siocon,7.7061,122.1353,29.96,66,38,6.17,PH,1612412269
228,ulaangom,49.9811,92.0667,-21.8,89,98,0.47,MN,1612412270
229,tecolutla,20.4833,-97.0167,19.77,83,50,6.01,MX,1612412272
230,souillac,-20.5167,57.5167,27.0,83,40,1.54,MU,1612412273
231,williston,48.147,-103.618,-15.0,73,97,1.34,US,1612412274
232,biak,-0.9131,122.8766,26.9,73,99,1.31,ID,1612412276
233,romanovo,52.6182,81.2271,-1.57,99,100,1.95,RU,1612412278
234,aklavik,68.2191,-135.0107,-39.0,67,19,2.64,CA,1612412279
235,alpena,45.0617,-83.4327,-6.67,79,1,1.04,US,1612412280
236,hamilton,39.1834,-84.5333,-3.33,86,1,0.79,US,1612412203
237,gunjur,13.2019,-16.7339,21.0,73,0,2.57,GM,1612412282
238,hit,33.6416,42.8251,13.22,45,100,1.94,IQ,1612412283
239,abu samrah,35.3029,37.1841,8.86,75,75,4.21,SY,1612412284
240,xining,36.6167,101.7667,-1.13,61,100,0.49,CN,1612412287
241,meulaboh,4.1363,96.1285,30.01,63,50,0.86,ID,1612412288
242,shar,49.5886,81.0453,-2.83,94,100,3.69,KZ,1612412289
243,pangkalanbuun,-2.6833,111.6167,31.56,58,100,2.22,ID,1612412290
244,constitucion,-35.3333,-72.4167,17.96,59,0,3.96,CL,1612412291
245,talaya,61.3833,152.75,-27.94,84,100,4.47,RU,1612412292
246,vezirkopru,41.1436,35.4547,2.0,80,40,1.03,TR,1612412293
247,alexandria,31.2156,29.9553,17.0,82,20,5.14,EG,1612412232
248,saint-ambroise,48.5501,-71.3324,0.0,86,100,3.6,CA,1612412295
249,saint-philippe,-21.3585,55.7679,29.0,58,0,2.06,RE,1612412297
250,padang,-0.9492,100.3543,30.0,70,40,2.06,ID,1612412298
251,pangnirtung,66.1451,-65.7125,-23.3,78,80,0.82,CA,1612412299
252,port macquarie,-31.4333,152.9167,29.44,51,3,1.79,AU,1612412300
253,gashua,12.871,11.0482,17.75,27,84,4.85,NG,1612412301
254,gimli,50.6336,-96.9907,-6.0,93,100,5.14,CA,1612412302
255,flin flon,54.7682,-101.865,-19.87,91,100,4.28,CA,1612412303
256,abu dhabi,24.4667,54.3667,17.0,94,75,1.54,AE,1612412240
257,presidencia roque saenz pena,-26.7852,-60.4388,20.56,97,31,0.89,AR,1612412306
258,yulara,-25.2406,130.9889,33.0,40,40,8.75,AU,1612412307
259,ruteng,-8.6136,120.4721,22.66,80,100,3.65,ID,1612412308
260,mareeba,-17.0,145.4333,30.0,66,93,4.12,AU,1612412309
261,saint-leu,-21.15,55.2833,29.0,58,0,2.06,RE,1612412310
262,gizo,-8.103,156.8419,26.45,88,100,8.15,SB,1612412311
263,hopkinton,41.4612,-71.7776,0.0,74,90,2.06,US,1612412312
264,namatanai,-3.6667,152.4333,28.99,71,88,3.28,PG,1612412313
265,marathon,44.9,-89.7668,-2.0,59,1,3.6,US,1612412314
266,mabaruma,8.2,-59.7833,23.58,96,100,2.03,GY,1612412316
267,maceio,-9.6658,-35.7353,23.0,94,0,0.51,BR,1612412318
268,tura,25.5198,90.2201,24.09,38,0,0.19,IN,1612412319
269,naduvattam,11.4833,76.5667,16.86,78,99,1.24,IN,1612412320
270,clyde river,70.4692,-68.5914,-30.0,76,90,2.57,CA,1612412321
271,beasain,43.0502,-2.2009,15.56,83,82,3.11,ES,1612412322
272,sidi ali,36.0998,0.4206,12.59,64,100,0.87,DZ,1612412323
273,rapar,23.5667,70.6333,20.86,66,0,4.25,IN,1612412324
274,taksimo,56.3444,114.8794,-28.11,80,100,1.1,RU,1612412326
275,buchanan,5.8808,-10.0467,24.0,100,20,2.56,LR,1612412328
276,nouadhibou,20.931,-17.0347,17.0,82,94,6.17,MR,1612412329
277,ginir,7.1333,40.7,11.1,41,0,1.32,ET,1612412330
278,saint-agapit,46.5629,-71.4352,-1.11,100,90,0.96,CA,1612412332
279,nanchang,28.6833,115.8833,15.72,66,61,3.63,CN,1612412333
280,vanimo,-2.6741,141.3028,27.76,74,100,0.47,PG,1612412334
281,bayan,46.0833,127.4,-21.17,86,1,3.82,CN,1612412336
282,madhoganj,27.1167,80.15,19.99,45,59,2.75,IN,1612412337
283,nishihara,26.1842,127.7558,23.0,30,40,3.09,JP,1612412338
284,kouroussa,10.65,-9.8833,19.52,24,28,1.73,GN,1612412339
285,kudahuvadhoo,2.6708,72.8944,27.61,77,73,7.17,MV,1612412340
286,kolokani,13.5728,-8.0339,20.59,18,13,3.44,ML,1612412341
287,urumqi,43.801,87.6005,-8.0,86,92,1.56,CN,1612412294
288,bocana de paiwas,12.7857,-85.1227,18.54,83,47,4.69,NI,1612412344
289,lorengau,-2.0226,147.2712,28.18,72,100,1.94,PG,1612412345
290,tateyama,34.9833,139.8667,11.67,39,0,4.92,JP,1612412346
291,zhigansk,66.7697,123.3711,-39.65,78,46,3.52,RU,1612412347
292,yarmouth,41.7057,-70.2286,1.67,75,90,2.06,US,1612412348
293,bathsheba,13.2167,-59.5167,26.0,69,20,10.8,BB,1612412349
294,williams lake,52.1415,-122.1445,-3.89,86,90,1.03,CA,1612412104
295,esperance,-33.8667,121.9,18.0,42,90,7.72,AU,1612412082
296,tiarei,-17.5333,-149.3333,28.89,69,75,2.57,PF,1612412353
297,hay river,60.8156,-115.7999,-25.0,77,100,2.06,CA,1612412354
298,ovalle,-30.5983,-71.2003,14.99,66,0,1.25,CL,1612412355
299,sabadell,41.5433,2.1094,13.33,87,0,1.54,ES,1612412356
300,deniliquin,-35.5333,144.9667,30.08,20,100,5.84,AU,1612412357
301,darhan,49.4867,105.9228,-7.24,89,51,3.34,MN,1612412358
302,xinyu,27.8043,114.9334,15.99,70,86,2.46,CN,1612412359
303,roebourne,-20.7833,117.1333,29.9,71,16,9.59,AU,1612412360
304,te anau,-45.4167,167.7167,20.53,42,3,0.54,NZ,1612412362
305,amapa,1.0,-52.0,22.41,98,79,0.75,BR,1612412364
306,porto walter,-8.2686,-72.7439,23.28,96,100,0.88,BR,1612412365
307,sangar,63.9242,127.4739,-39.04,77,32,2.74,RU,1612412366
308,santa vitoria,-18.8386,-50.1214,23.47,77,83,1.04,BR,1612412367
309,flinders,-34.5833,150.8552,25.56,73,35,5.81,AU,1612412368
310,ponta do sol,32.6667,-17.1,11.67,67,66,0.89,PT,1612412369
311,half moon bay,37.4636,-122.4286,11.11,81,75,3.6,US,1612412370
312,lata,40.1629,-8.3327,11.11,91,100,1.52,PT,1612412371
313,muli,2.9167,73.5667,27.63,79,100,6.73,MV,1612412373
314,kikwit,-5.041,18.8162,20.94,93,81,0.87,CD,1612412374
315,anadyr,64.75,177.4833,-19.0,65,40,14.0,RU,1612412375
316,broken hill,-31.95,141.4333,31.0,16,100,6.69,AU,1612412376
317,port-gentil,-0.7193,8.7815,27.23,80,100,3.84,GA,1612412377
318,jiayuguan,39.8167,98.3,-0.88,61,93,2.14,CN,1612412378
319,omboue,-1.5746,9.2618,25.48,88,100,1.87,GA,1612412379
320,maniitsoq,65.4167,-52.9,-16.63,73,9,4.05,GL,1612412380
321,palmer,42.1584,-72.3287,-1.0,69,90,2.06,US,1612412382
322,lompoc,34.6391,-120.4579,11.0,76,1,4.63,US,1612412383
323,micheweni,-4.9667,39.8333,26.76,75,14,2.38,TZ,1612412384
324,ahuatempan,18.4167,-98.0167,16.89,38,5,2.99,MX,1612412385
325,fairbanks,64.8378,-147.7164,-20.0,77,90,3.09,US,1612412191
326,touros,-5.1989,-35.4608,25.0,83,0,3.09,BR,1612412388
327,tiznit,29.5833,-9.5,16.81,40,55,1.17,MA,1612412389
328,cape coast,5.1053,-1.2466,26.39,87,0,3.14,GH,1612412101
329,mayo,38.8876,-76.5119,2.22,55,1,4.12,US,1612412391
330,indramayu,-6.3264,108.32,28.42,77,56,7.83,ID,1612412393
331,homa bay,-0.5273,34.4571,19.79,61,28,1.33,KE,1612412394
332,nagyoroszi,48.005,19.0905,7.78,90,99,0.89,HU,1612412395
333,kieta,-6.2167,155.6333,28.88,76,64,4.73,PG,1612412396
334,sinop,41.7711,34.8709,7.98,64,67,2.59,TR,1612412397
335,aubenas,44.6201,4.3899,6.11,96,49,1.34,FR,1612412398
336,kayes,14.0,-11.0,23.0,16,93,1.71,ML,1612412399
337,hobyo,5.3505,48.5268,25.02,73,71,8.34,SO,1612412400
338,piacabucu,-10.4056,-36.4344,25.17,81,89,4.03,BR,1612412401
339,bud,39.447,-86.1758,-2.22,90,95,2.1,US,1612412406
340,camacupa,-12.0167,17.4833,15.07,94,95,1.14,AO,1612412407
341,uddiawan,16.5589,121.1512,25.5,60,56,2.2,PH,1612412408
342,goderich,43.7501,-81.7165,-13.0,85,0,1.54,CA,1612412409
343,paamiut,61.994,-49.6678,-11.88,72,0,2.68,GL,1612412410
344,kushiro,42.975,144.3747,-5.0,36,20,6.17,JP,1612412411
345,lavrentiya,65.5833,-171.0,-27.73,83,4,6.37,RU,1612412412
346,prince rupert,54.3161,-130.3201,4.0,87,90,6.17,CA,1612412340
347,cabano,10.5869,122.7002,28.55,71,89,8.58,PH,1612412416
348,shakhovskaya,56.0283,35.5097,-7.92,98,97,3.23,RU,1612412417
349,cuamba,-14.8031,36.5372,21.01,95,100,0.8,MZ,1612412418
350,vyazemskiy,47.5378,134.7525,-22.74,85,12,7.01,RU,1612412419
351,sergeyevka,53.88,67.4158,-12.77,92,90,1.82,KZ,1612412420
352,nola,40.922,14.5329,12.22,75,100,1.02,IT,1612412421
353,hazorasp,41.3194,61.0742,1.0,93,81,2.06,UZ,1612412423
354,kyzyl-suu,42.3414,78.0056,-1.53,80,0,1.57,KG,1612412424
355,nazarovo,56.0064,90.3914,-10.52,96,100,4.13,RU,1612412425
356,beloha,-25.1667,45.05,25.21,63,42,4.26,MG,1612412427
357,san andres,12.5847,-81.7006,26.0,69,75,4.63,CO,1612412428
358,kamaishi,39.2667,141.8833,-6.0,100,90,6.69,JP,1612412429
359,dudinka,69.4058,86.1778,-29.67,86,97,3.82,RU,1612412430
360,olafsvik,64.8945,-23.7142,2.16,82,100,13.68,IS,1612412431
361,dingle,10.9995,122.6711,27.2,80,96,5.99,PH,1612412434
362,xingcheng,40.6167,120.7167,3.86,56,0,8.07,CN,1612412171
363,talnakh,69.4865,88.3972,-28.84,86,99,1.78,RU,1612412436
364,nevers,46.9167,3.3333,6.0,93,0,2.57,FR,1612412438
365,saint-pierre,-21.3393,55.4781,29.0,58,0,2.06,RE,1612412439
366,leh,34.1667,77.5833,-12.53,65,77,1.06,IN,1612412440
367,cap-aux-meules,47.3821,-61.8597,0.0,93,89,3.09,CA,1612412222
368,sisimiut,66.9395,-53.6735,-18.66,78,22,4.55,GL,1612412444
369,nome,64.5011,-165.4064,-23.0,64,1,3.09,US,1612412159
370,guaruja,-23.9931,-46.2564,28.33,26,72,1.69,BR,1612412446
371,martapura,-3.4167,114.85,29.0,74,40,5.14,ID,1612412447
372,canutama,-6.5339,-64.3831,23.73,96,100,0.76,BR,1612412448
373,manicore,-5.8092,-61.3003,23.88,98,99,0.53,BR,1612412449
374,san francisco,37.7749,-122.4194,11.11,76,40,4.63,US,1612412321
375,alice springs,-23.7,133.8833,37.0,18,93,8.75,AU,1612412451
376,xiongzhou,25.1167,114.3,24.08,46,34,2.09,CN,1612412453
377,andenes,69.3143,16.1194,1.0,75,90,10.29,NO,1612412455
378,port hedland,-20.3167,118.5667,31.0,58,40,6.69,AU,1612412456
379,burgeo,47.6167,-57.6152,4.23,96,100,1.2,CA,1612412457
380,elizabeth city,36.2946,-76.2511,1.67,80,1,1.54,US,1612412458
381,khorixas,-20.3667,14.9667,19.16,64,0,1.37,NA,1612412459
382,eureka,40.8021,-124.1637,7.22,82,49,4.22,US,1612412460
383,dunmore east,52.1514,-6.9861,8.89,89,97,1.34,IE,1612412461
384,imeni poliny osipenko,52.4201,136.4853,-27.89,81,0,3.26,RU,1612412463
385,port hardy,50.6996,-127.4199,5.0,93,75,1.54,CA,1612412464
386,rocha,-34.4833,-54.3333,18.9,94,100,3.15,UY,1612412465
387,babushkin,51.7122,105.8647,-2.46,89,100,2.42,RU,1612412466
388,kandrian,-6.2167,149.55,30.16,69,100,6.56,PG,1612412467
389,cidreira,-30.1811,-50.2056,24.49,92,100,3.35,BR,1612412468
390,comodoro rivadavia,-45.8667,-67.5,17.0,77,0,2.57,AR,1612412469
391,seymchan,62.8833,152.4333,-26.82,85,100,6.34,RU,1612412470
392,changping,40.2186,116.2197,6.0,17,0,1.0,CN,1612412379
393,dzaoudzi,-12.7887,45.2699,27.0,89,0,1.54,YT,1612412474
394,fort nelson,58.8053,-122.7002,-22.0,77,90,3.09,CA,1612412475
395,hun,29.1268,15.9477,8.89,81,0,1.17,LY,1612412476
396,labrea,-7.2586,-64.7981,23.5,97,84,0.66,BR,1612412477
397,mumford,5.2618,-0.759,26.37,87,0,3.72,GH,1612412478
398,camacha,33.0833,-16.3333,14.0,77,40,5.66,PT,1612412479
399,havre-saint-pierre,50.2334,-63.5986,-3.0,86,90,6.17,CA,1612412480
400,porto novo,6.4965,2.6036,29.0,84,40,2.06,BJ,1612412469
401,mandalgovi,45.7625,106.2708,-5.92,77,0,7.21,MN,1612412483
402,gamboma,-1.8764,15.8644,23.74,86,100,1.01,CG,1612412484
403,vardo,70.3705,31.1107,-4.0,74,40,7.72,NO,1612412485
404,caico,-6.4583,-37.0978,24.36,70,2,3.75,BR,1612412487
405,ambon,-3.6954,128.1814,32.0,62,40,3.6,ID,1612412488
406,manbij,36.5281,37.9549,8.0,71,75,2.06,SY,1612412489
407,carutapera,-1.195,-46.02,25.92,85,4,3.12,BR,1612412490
408,pasvalys,56.0594,24.4036,-6.0,93,75,2.57,LT,1612412492
409,kununurra,-15.7667,128.7333,29.0,89,100,1.54,AU,1612412494
410,kawardha,22.0167,81.25,22.7,21,1,1.81,IN,1612412495
411,noumea,-22.2763,166.4572,30.0,74,20,7.2,NC,1612412049
412,stokmarknes,68.5646,14.9108,-2.22,81,80,1.34,NO,1612412497
413,bonavista,48.6499,-53.1147,5.0,100,100,2.06,CA,1612412498
414,san patricio,28.017,-97.5169,18.89,88,20,7.72,US,1612412499
415,san luis,-33.295,-66.3356,17.37,33,0,2.38,AR,1612412476
416,sitka,57.0531,-135.33,3.0,75,90,2.22,US,1612412501
417,casa grande,32.8795,-111.7573,22.0,35,1,5.66,US,1612412503
418,sabang,5.8933,95.3214,27.74,75,49,10.81,ID,1612412229
419,fort-shevchenko,44.5086,50.263,6.19,86,100,3.66,KZ,1612412505
420,sorong,-0.8833,131.25,29.35,69,61,5.11,ID,1612412385
421,korla,41.7597,86.1469,0.7,75,0,1.6,CN,1612412507
422,college station,30.628,-96.3344,16.0,77,90,5.66,US,1612412508
423,itarantim,-15.6597,-40.0656,20.83,97,82,0.74,BR,1612412510
424,lively,46.4334,-81.1498,-8.0,86,1,2.57,CA,1612412511
425,vila velha,-20.3297,-40.2925,25.0,83,0,2.57,BR,1612412285
426,obama,35.4958,135.746,9.44,68,83,1.79,JP,1612412514
427,airai,-8.9266,125.4092,16.62,100,100,1.56,TL,1612412389
428,mersing,2.4312,103.8405,29.0,70,40,5.14,MY,1612412517
429,channel-port aux basques,47.5702,-59.1367,3.92,95,94,5.13,CA,1612412518
430,mayumba,-3.432,10.6554,26.1,88,99,3.14,GA,1612412519
431,chuy,-33.6971,-53.4616,19.84,93,98,7.26,UY,1612412393
432,coari,-4.085,-63.1414,24.22,95,97,0.68,BR,1612412521
433,broome,42.2506,-75.833,-2.22,63,90,5.66,US,1612412522
434,kuandian,40.7286,124.7847,-10.41,85,0,2.33,CN,1612412523
435,susehri,40.1644,38.0867,1.55,81,87,1.18,TR,1612412525
436,kualakapuas,-3.0091,114.3876,29.0,74,40,5.14,ID,1612412526
437,mehamn,71.0357,27.8492,-1.0,69,40,7.72,NO,1612412527
438,lander,42.833,-108.7307,-4.0,68,1,1.5,US,1612412528
439,caravelas,-17.7125,-39.2481,23.96,87,45,2.42,BR,1612412529
440,thanh hoa,19.8,105.7667,25.27,57,48,1.93,VN,1612412530
441,hede,33.7681,120.2517,7.78,52,9,4.12,CN,1612412531
442,roald,62.5833,6.1333,-7.22,79,2,5.14,NO,1612412532
443,vladimir,56.1366,40.3966,-2.42,99,100,3.46,RU,1612412367
444,kidal,18.4411,1.4078,18.04,23,0,5.49,ML,1612412534
445,manono,-7.3,27.4167,19.81,95,85,0.77,CD,1612412536
446,kupino,54.3663,77.2981,-14.46,92,65,3.24,RU,1612412537
447,cherskiy,68.75,161.3,-16.69,74,23,4.3,RU,1612412538
448,komsomolskiy,40.4272,71.7189,4.0,60,0,1.03,UZ,1612412539
449,tautira,-17.7333,-149.15,28.89,69,75,2.57,PF,1612412540
450,labuan,5.2767,115.2417,29.0,79,20,1.54,MY,1612412541
451,baykit,61.67,96.37,-20.94,87,94,0.56,RU,1612412542
452,ampanihy,-24.7,44.75,26.78,53,21,4.41,MG,1612412543
453,namibe,-15.1961,12.1522,21.03,76,29,3.04,AO,1612412545
454,juneau,58.3019,-134.4197,-4.0,86,90,1.48,US,1612412372
455,natal,-5.795,-35.2094,26.0,78,40,4.12,BR,1612412547
456,evensk,61.95,159.2333,-12.1,89,100,14.62,RU,1612412548
457,sanghar,26.0466,68.9481,15.0,72,0,3.09,PK,1612412550
458,senanga,-16.1167,23.2667,19.1,96,98,2.53,ZM,1612412551
459,xushan,30.1764,121.2457,11.67,71,75,3.0,CN,1612412553
460,banda aceh,5.5577,95.3222,28.93,68,5,6.64,ID,1612412513
461,vung tau,10.346,107.0843,25.99,63,45,1.68,VN,1612412555
462,hasaki,35.7333,140.8333,13.0,32,20,7.72,JP,1612412556
463,el tigre,8.8875,-64.2454,24.31,79,2,6.86,VE,1612412557
464,klichka,50.4457,117.996,-22.55,90,98,1.09,RU,1612412558
465,forestville,38.8451,-76.875,2.0,55,1,6.17,US,1612412317
466,klaksvik,62.2266,-6.589,-1.0,69,100,4.12,FO,1612412561
467,schwalmstadt,50.9333,9.2167,7.0,81,100,5.14,DE,1612412544
468,berlevag,70.8578,29.0864,-1.0,69,40,7.72,NO,1612412563
469,mount gambier,-37.8333,140.7667,26.0,29,95,7.72,AU,1612412351
470,clemson,34.6834,-82.8374,3.0,35,1,1.23,US,1612412566
471,balkhash,46.844,74.9804,-9.0,92,90,3.0,KZ,1612412568
472,muroto,33.2833,134.15,13.0,47,75,4.63,JP,1612412569
473,vuktyl,63.8567,57.3094,-17.34,94,100,2.01,RU,1612412570
474,molln,53.6333,10.6833,1.11,96,100,1.34,DE,1612412573
475,samastipur,25.85,85.7833,19.4,46,0,1.48,IN,1612412574
476,veraval,20.9,70.3667,22.11,56,0,5.37,IN,1612412575
477,suda,59.1525,37.5582,-5.0,93,90,5.0,RU,1612412576
478,westport,41.1415,-73.3579,0.0,64,90,3.6,US,1612412577
479,itapaci,-14.9508,-49.5494,21.08,94,100,1.39,BR,1612412578
480,mae hong son,19.3003,97.9685,24.0,50,0,1.03,TH,1612412579
481,praya,14.9215,-23.5087,21.0,78,0,6.17,CV,1612412580
482,aswan,24.0934,32.907,13.27,49,0,4.11,EG,1612412465
483,palmerston,-12.486,130.9833,30.56,74,75,4.63,AU,1612412583
484,ambilobe,-13.2,49.05,25.53,86,72,0.89,MG,1612412584
485,yatou,37.15,122.3833,3.01,66,0,5.58,CN,1612412540
486,sao joao da barra,-21.6403,-41.0511,24.97,85,0,7.52,BR,1612412586
487,agadez,19.75,10.25,12.71,40,0,4.9,NE,1612412587
488,anloga,5.7947,0.8973,28.0,89,20,2.57,GH,1612412588
489,kapit,2.0167,112.9333,29.76,66,95,1.0,MY,1612412589
490,searcy,35.2506,-91.7363,4.0,75,1,1.54,US,1612412590
491,kamenka,51.3223,42.7678,1.67,97,100,3.36,RU,1612412592
492,jefferson city,38.5767,-92.1735,8.0,49,1,6.17,US,1612412593
493,nantucket,41.2835,-70.0995,1.0,75,90,4.63,US,1612412491
494,mbanza-ngungu,-5.25,14.8667,19.6,96,81,0.94,CD,1612412595
495,novita,4.9551,-76.6053,24.02,91,92,1.11,CO,1612412596
496,zwedru,6.0667,-8.1281,22.13,97,35,0.9,LR,1612412598
497,grahamstown,-33.3042,26.5328,20.56,90,91,0.89,ZA,1612412599
498,lowestoft,52.4752,1.7516,2.78,94,9,0.45,GB,1612412600
499,hanko,59.8333,22.95,-13.33,85,11,4.47,FI,1612412601
500,jalu,29.0331,21.5482,11.5,90,0,4.17,LY,1612412603
501,luanda,-8.8368,13.2343,26.0,78,40,2.57,AO,1612412514
502,fuente palmera,37.7049,-5.0996,11.0,87,90,2.06,ES,1612412605
503,darab,28.7519,54.5444,9.9,41,0,0.78,IR,1612412606
504,mercedes,-34.6515,-59.4307,19.44,80,72,0.89,AR,1612412607
505,salihorsk,52.7876,27.5415,0.76,99,100,3.84,BY,1612412481
506,bulaevo,54.9056,70.4439,-15.6,94,81,1.95,KZ,1612412609
507,sulphur springs,33.1385,-95.6011,14.0,72,1,4.12,US,1612412610
508,windham,41.8334,-72.0001,-1.0,74,90,2.57,US,1612412611
509,przhevalskoye,55.5093,31.8482,-8.42,97,93,1.68,RU,1612412613
510,jurado,7.1053,-77.7641,24.72,79,54,3.17,CO,1612412614
511,kabwe,-14.4469,28.4464,17.45,95,97,0.71,ZM,1612412615
512,ahipara,-35.1667,173.1667,22.4,59,6,1.47,NZ,1612412616
513,sevierville,35.8681,-83.5618,-2.22,86,1,0.68,US,1612412556
514,genhe,50.7833,121.5167,-23.67,79,0,1.57,CN,1612412618
515,yumen,40.2833,97.2,0.13,63,19,13.44,CN,1612412428
516,santana do matos,-5.9575,-36.6556,23.82,76,92,3.15,BR,1612412620
517,imbituba,-28.24,-48.6703,27.0,89,75,3.09,BR,1612412551
518,san quintin,30.4833,-115.95,15.6,80,57,4.75,MX,1612412477
519,sarahan,31.5167,77.8,3.35,64,100,2.39,IN,1612412624
520,santo antonio do monte,-20.0872,-45.2936,18.71,94,1,1.49,BR,1612412625
521,telsiai,55.9814,22.2472,-8.18,97,99,4.49,LT,1612412626
522,matara,5.9485,80.5353,28.01,64,72,3.47,LK,1612412627
523,bethel,41.3712,-73.414,-1.11,64,90,2.06,US,1612412457
524,port-cartier,50.0334,-66.8654,-2.78,80,100,3.6,CA,1612412629
525,beaupre,47.0443,-70.8953,-1.0,100,100,1.03,CA,1612412630
526,nova olimpia,-14.7972,-57.2881,23.37,92,100,0.68,BR,1612412631
527,ulaanbaatar,47.9077,106.8832,-14.0,66,0,1.32,MN,1612412633
528,robertsport,6.7533,-11.3686,26.49,85,43,3.64,LR,1612412634
529,lazaro cardenas,17.9583,-102.2,23.34,86,16,2.13,MX,1612412635
530,tamworth,52.634,-1.6959,4.44,94,96,1.79,GB,1612412628
531,lagoa santa,-19.6272,-43.8897,24.0,68,0,1.03,BR,1612412637
532,marawi,7.9986,124.2928,27.78,81,5,3.58,PH,1612412531
533,cayenne,4.9333,-52.3333,27.0,83,75,3.6,GF,1612412400
534,svetlaya,46.5389,138.3297,-16.37,78,18,1.71,RU,1612412641
535,mackay,-21.15,149.2,30.0,74,40,6.69,AU,1612412642
536,albemarle,35.3501,-80.2001,1.0,44,1,1.54,US,1612412644
537,balakhta,55.38,91.6,-8.52,96,98,2.77,RU,1612412645
538,san lawrenz,36.0553,14.204,13.89,94,20,2.57,MT,1612412646
539,severodvinsk,64.5635,39.8302,-12.0,85,75,6.0,RU,1612412647
540,sandane,61.7728,6.215,-6.11,73,0,3.09,NO,1612412648
541,tchollire,8.4022,14.1698,19.56,23,0,0.97,CM,1612412649
542,dieppe,49.75,1.1667,4.44,93,0,3.71,FR,1612412650
543,smolenka,52.1352,113.4974,-18.0,78,40,1.58,RU,1612412652
544,atar,20.5169,-13.0499,17.57,26,100,0.12,MR,1612412654
545,ekhabi,53.5102,142.9671,-27.89,79,14,7.87,RU,1612412655
546,sept-iles,50.2001,-66.3821,-2.78,80,100,3.6,CA,1612412656
547,ixtapa,20.7,-105.2,21.11,94,1,0.65,MX,1612412568
548,kalmunai,7.4167,81.8167,26.33,77,64,6.09,LK,1612412656
549,ramona,33.0417,-116.8681,12.22,89,100,1.92,US,1612412659
550,bam,29.106,58.357,10.77,39,0,0.92,IR,1612412660
551,saint-augustin,51.226,-58.6502,2.27,97,100,2.44,CA,1612412661
552,morro bay,35.3658,-120.8499,11.11,64,1,3.05,US,1612412663
553,verkhoyansk,67.5447,133.385,-39.76,74,0,0.69,RU,1612412664
554,sao raimundo nonato,-9.0153,-42.6994,24.1,66,43,0.88,BR,1612412665
555,mbandaka,0.0487,18.2603,22.05,95,96,1.64,CD,1612412666
556,wanaka,-44.7,169.15,19.9,50,49,1.9,NZ,1612412667
557,hami,42.8,93.45,1.28,71,37,2.14,CN,1612412669
558,ayan,56.45,138.1667,-28.11,71,92,6.96,RU,1612412670
559,ust-nera,64.5667,143.2,-25.2,81,100,2.03,RU,1612412672
560,kirensk,57.7853,108.1119,-12.12,94,100,1.62,RU,1612412673
561,adamovka,51.5223,59.9396,-0.11,99,100,4.49,RU,1612412674
562,qui nhon,13.7667,109.2333,23.56,81,95,7.52,VN,1612412675
563,kemijarvi,66.7131,27.4306,-6.3,96,100,5.37,FI,1612412676
564,ust-kut,56.7938,105.7672,-8.37,93,100,5.67,RU,1612412677
565,skoghall,59.3232,13.4655,-11.0,85,75,5.14,SE,1612412679
566,miles city,46.4083,-105.8406,-8.0,73,90,4.63,US,1612412630
